INSERT INTO HeaderPurchaseTransaction VALUES ('PU000','ST001','DS000','2019-01-10')
INSERT INTO HeaderPurchaseTransaction VALUES ('PU001','ST004','DS001','2019-02-03')
INSERT INTO HeaderPurchaseTransaction VALUES ('PU002','ST002','DS008','2019-03-03')
INSERT INTO HeaderPurchaseTransaction VALUES ('PU003','ST006','DS003','2019-03-07')
INSERT INTO HeaderPurchaseTransaction VALUES ('PU004','ST005','DS004','2019-04-11')
INSERT INTO HeaderPurchaseTransaction VALUES ('PU005','ST004','DS009','2019-04-20')
INSERT INTO HeaderPurchaseTransaction VALUES ('PU006','ST009','DS005','2019-05-10')
INSERT INTO HeaderPurchaseTransaction VALUES ('PU007','ST008','DS007','2019-05-04')
INSERT INTO HeaderPurchaseTransaction VALUES ('PU008','ST006','DS000','2019-06-15')
INSERT INTO HeaderPurchaseTransaction VALUES ('PU009','ST003','DS005','2019-07-27')
INSERT INTO HeaderPurchaseTransaction VALUES ('PU010','ST002','DS001','2019-07-31')
INSERT INTO HeaderPurchaseTransaction VALUES ('PU011','ST003','DS003','2019-08-05')
INSERT INTO HeaderPurchaseTransaction VALUES ('PU012','ST009','DS000','2019-08-10')
INSERT INTO HeaderPurchaseTransaction VALUES ('PU013','ST000','DS005','2019-09-20')
INSERT INTO HeaderPurchaseTransaction VALUES ('PU014','ST001','DS004','2019-10-10')
INSERT INTO HeaderPurchaseTransaction VALUES ('PU015','ST005','DS002','2019-11-20')
INSERT INTO HeaderPurchaseTransaction VALUES ('PU016','ST004','DS006','2019-11-30')
INSERT INTO HeaderPurchaseTransaction VALUES ('PU017','ST004','DS009','2019-12-13')
INSERT INTO HeaderPurchaseTransaction VALUES ('PU018','ST003','DS009','2019-12-22')
INSERT INTO HeaderPurchaseTransaction VALUES ('PU019','ST001','DS001','2019-12-29')


INSERT INTO DetailPurchaseTransaction VALUES ('IG000','PU000',7)
INSERT INTO DetailPurchaseTransaction VALUES ('IG003','PU001',5)
INSERT INTO DetailPurchaseTransaction VALUES ('IG000','PU001',3)
INSERT INTO DetailPurchaseTransaction VALUES ('IG001','PU002',5)
INSERT INTO DetailPurchaseTransaction VALUES ('IG002','PU003',8)
INSERT INTO DetailPurchaseTransaction VALUES ('IG004','PU004',3)
INSERT INTO DetailPurchaseTransaction VALUES ('IG000','PU004',6)
INSERT INTO DetailPurchaseTransaction VALUES ('IG008','PU005',15)
INSERT INTO DetailPurchaseTransaction VALUES ('IG006','PU006',6)
INSERT INTO DetailPurchaseTransaction VALUES ('IG005','PU007',17)
INSERT INTO DetailPurchaseTransaction VALUES ('IG006','PU008',23)
INSERT INTO DetailPurchaseTransaction VALUES ('IG004','PU008',27)
INSERT INTO DetailPurchaseTransaction VALUES ('IG002','PU009',15)
INSERT INTO DetailPurchaseTransaction VALUES ('IG005','PU009',11)
INSERT INTO DetailPurchaseTransaction VALUES ('IG004','PU010',9)
INSERT INTO DetailPurchaseTransaction VALUES ('IG008','PU010',21)
INSERT INTO DetailPurchaseTransaction VALUES ('IG004','PU010',16)
INSERT INTO DetailPurchaseTransaction VALUES ('IG007','PU011',19)
INSERT INTO DetailPurchaseTransaction VALUES ('IG009','PU011',21)
INSERT INTO DetailPurchaseTransaction VALUES ('IG006','PU012',29)
INSERT INTO DetailPurchaseTransaction VALUES ('IG003','PU012',12)
INSERT INTO DetailPurchaseTransaction VALUES ('IG002','PU013',16)
INSERT INTO DetailPurchaseTransaction VALUES ('IG003','PU014',19)
INSERT INTO DetailPurchaseTransaction VALUES ('IG001','PU015',15)
INSERT INTO DetailPurchaseTransaction VALUES ('IG008','PU015',7)
INSERT INTO DetailPurchaseTransaction VALUES ('IG004','PU016',4)
INSERT INTO DetailPurchaseTransaction VALUES ('IG007','PU016',13)
INSERT INTO DetailPurchaseTransaction VALUES ('IG009','PU017',17)
INSERT INTO DetailPurchaseTransaction VALUES ('IG006','PU018',7)
INSERT INTO DetailPurchaseTransaction VALUES ('IG007','PU018',11)
INSERT INTO DetailPurchaseTransaction VALUES ('IG002','PU019',18)


INSERT INTO HeaderSalesTransaction VALUES ('SA000','ST003','CS000','2019-01-10')
INSERT INTO HeaderSalesTransaction VALUES ('SA001','ST003','CS001','2019-02-03')
INSERT INTO HeaderSalesTransaction VALUES ('SA002','ST000','CS008','2019-03-03')
INSERT INTO HeaderSalesTransaction VALUES ('SA003','ST001','CS003','2019-03-07')
INSERT INTO HeaderSalesTransaction VALUES ('SA004','ST002','CS004','2019-04-11')
INSERT INTO HeaderSalesTransaction VALUES ('SA005','ST004','CS009','2019-04-20')
INSERT INTO HeaderSalesTransaction VALUES ('SA006','ST000','CS005','2019-05-10')
INSERT INTO HeaderSalesTransaction VALUES ('SA007','ST008','CS007','2019-05-04')
INSERT INTO HeaderSalesTransaction VALUES ('SA008','ST006','CS000','2019-06-15')
INSERT INTO HeaderSalesTransaction VALUES ('SA009','ST009','CS005','2019-07-27')
INSERT INTO HeaderSalesTransaction VALUES ('SA010','ST006','CS001','2019-07-31')
INSERT INTO HeaderSalesTransaction VALUES ('SA011','ST007','CS003','2019-06-01')
INSERT INTO HeaderSalesTransaction VALUES ('SA012','ST002','CS000','2019-08-05')
INSERT INTO HeaderSalesTransaction VALUES ('SA013','ST005','CS005','2019-08-10')
INSERT INTO HeaderSalesTransaction VALUES ('SA014','ST001','CS004','2019-09-20')
INSERT INTO HeaderSalesTransaction VALUES ('SA015','ST008','CS002','2019-10-10')
INSERT INTO HeaderSalesTransaction VALUES ('SA016','ST004','CS006','2019-11-20')
INSERT INTO HeaderSalesTransaction VALUES ('SA017','ST007','CS006','2019-12-13')
INSERT INTO HeaderSalesTransaction VALUES ('SA018','ST009','CS009','2019-12-22')
INSERT INTO HeaderSalesTransaction VALUES ('SA019','ST009','CS010','2019-12-29')


INSERT INTO DetailSalesTransaction VALUES ('FO010','SA001',6)
INSERT INTO DetailSalesTransaction VALUES ('FO003','SA002',5)
INSERT INTO DetailSalesTransaction VALUES ('FO000','SA003',7)
INSERT INTO DetailSalesTransaction VALUES ('FO001','SA004',5)
INSERT INTO DetailSalesTransaction VALUES ('FO002','SA005',7)
INSERT INTO DetailSalesTransaction VALUES ('FO004','SA006',7)
INSERT INTO DetailSalesTransaction VALUES ('FO000','SA007',10)
INSERT INTO DetailSalesTransaction VALUES ('FO008','SA008',5)
INSERT INTO DetailSalesTransaction VALUES ('FO006','SA009',6)
INSERT INTO DetailSalesTransaction VALUES ('FO005','SA009',5)
INSERT INTO DetailSalesTransaction VALUES ('FO006','SA010',3)
INSERT INTO DetailSalesTransaction VALUES ('FO005','SA010',7)
INSERT INTO DetailSalesTransaction VALUES ('FO002','SA011',5)
INSERT INTO DetailSalesTransaction VALUES ('FO006','SA011',3)
INSERT INTO DetailSalesTransaction VALUES ('FO005','SA012',9)
INSERT INTO DetailSalesTransaction VALUES ('FO008','SA012',1)
INSERT INTO DetailSalesTransaction VALUES ('FO004','SA012',6)
INSERT INTO DetailSalesTransaction VALUES ('FO007','SA013',9)
INSERT INTO DetailSalesTransaction VALUES ('FO009','SA013',7)
INSERT INTO DetailSalesTransaction VALUES ('FO006','SA014',4)
INSERT INTO DetailSalesTransaction VALUES ('FO007','SA014',2)
INSERT INTO DetailSalesTransaction VALUES ('FO002','SA015',6)
INSERT INTO DetailSalesTransaction VALUES ('FO003','SA016',9)
INSERT INTO DetailSalesTransaction VALUES ('FO001','SA016',5)
INSERT INTO DetailSalesTransaction VALUES ('FO008','SA017',7)
INSERT INTO DetailSalesTransaction VALUES ('FO010','SA017',4)
INSERT INTO DetailSalesTransaction VALUES ('FO001','SA018',5)
INSERT INTO DetailSalesTransaction VALUES ('FO009','SA018',1)
INSERT INTO DetailSalesTransaction VALUES ('FO010','SA018',2)
INSERT INTO DetailSalesTransaction VALUES ('FO005','SA019',3)
INSERT INTO DetailSalesTransaction VALUES ('FO002','SA019',6)
